{
  "course": [
    {
      "id": 1,
      "courseName": "Pemrograman Perangkat Mobile (B)",
      "day": 2,
      "startTime": "06:30",
      "endTime": "09:00",
      "lecturer": "Bu Devi Afriyantari P.",
      "note": "Ruang J.4.8"
    },
    {
      "id": 2,
      "courseName": "Praktek Kerja Nyata (E)",
      "day": 2,
      "startTime": "09:30",
      "endTime": "12:00",
      "lecturer": "Bu Diah Priyawati",
      "note": "Daring"
    },
    {
      "id": 3,
      "courseName": "Capstone Project (B)",
      "day": 2,
      "startTime": "12:30",
      "endTime": "14:30",
      "lecturer": "Pak Nurgiyatna",
      "note": "Ruang JSEM 2"
    },
    {
      "id": 4,
      "courseName": "Sains Data (A)",
      "day": 3,
      "startTime": "09:00",
      "endTime": "11:30",
      "lecturer": "Pak Dimas Aryo A.",
      "note": "Ruang JSEM 2"
    },
    {
      "id": 5,
      "courseName": "Matematika Diskrit (A)",
      "day": 3,
      "startTime": "09:00",
      "endTime": "11:30",
      "lecturer": "Pak Aris Rakhmadi",
      "note": "Ruang J.4.8"
    },
    {
      "id": 6,
      "courseName": "Sistem Multimedia (C)",
      "day": 4,
      "startTime": "07:00",
      "endTime": "09:00",
      "lecturer": "Pak Ihsan Cahyo",
      "note": "Ruang J.4.8"
    },
    {
      "id": 7,
      "courseName": "Audit dan Tata Kelola TI (B)",
      "day": 4,
      "startTime": "12:30",
      "endTime": "15:00",
      "lecturer": "Bu Maryam",
      "note": "Ruang J.4.10"
    },

    {
      "id": 8,
      "courseName": "Pengujian Perangkat Lunak (B)",
      "day": 5,
      "startTime": "15:30",
      "endTime": "17:00",
      "lecturer": "Bu Diah Priyawati",
      "note": "Ruang J.4.3"
    },
    {
      "id": 9,
      "courseName": "English Practice Time",
      "day": 6,
      "startTime": "20:55",
      "endTime": "21:00",
      "lecturer": "Me, Myself, and I",
      "note": "My Bedroom with my own book"
    },
    {
      "id": 10,
      "courseName": "Jogging around Manahan",
      "day": 1,
      "startTime": "06:00",
      "endTime": "07:30",
      "lecturer": "Usually with my friends",
      "note": "Go go go!!"
    },
    {
      "id": 11,
      "courseName": "Doing Homework",
      "day": 7,
      "startTime": "08:00",
      "endTime": "11:00",
      "lecturer": "Me, Myself, and I",
      "note": "Along with my Spotify playlist"
    }
  ]
}
