{
  "habits": [
    {
      "id": 1,
      "title": "Reading book",
      "focusTime": 20,
      "startTime": "16:00",
      "priorityLevel": "High"
    },
    {
      "id": 2,
      "title": "Walking every morning",
      "focusTime": 45,
      "startTime": "06:30",
      "priorityLevel": "Medium"
    },
    {
      "id": 3,
      "title": "Coding practice",
      "focusTime": 60,
      "startTime": "10:00",
      "priorityLevel": "High"
    },
    {
      "id": 4,
      "title": "Doing Homework",
      "focusTime": 10,
      "startTime": "23:30",
      "priorityLevel": "Low"
    },
    {
      "id": 5,
      "title": "Sleeping",
      "focusTime": 15,
      "startTime": "21:00",
      "priorityLevel": "High"
    }
  ]
}
